codigoBip,codigoParte,anio,codigoEtapaPostula,region
40071742,0,2026,6,177
40070768,0,2026,6,177
30461075,0,2026,6,177
40067788,0,2026,6,177
40026213,0,2026,6,177
40024540,0,2026,6,177
40006156,0,2026,6,177
40023710,0,2026,6,177
40039772,0,2026,6,177
40048296,0,2026,6,177
40072338,0,2026,6,177
40072723,0,2026,6,177
40062583,0,2026,6,177
40049358,0,2026,6,177
40068634,0,2026,6,177
40063364,0,2026,6,177
40070704,0,2026,6,177
30080556,0,2026,6,177
40023943,0,2026,6,177
40075222,0,2026,6,177
40002036,0,2026,6,177
40053490,0,2026,6,177
30460172,0,2026,5,177
40075310,0,2026,5,177
40069653,0,2026,3,177
30231672,0,2026,6,177
40020211,0,2026,6,177
40049870,0,2026,6,177
40068747,0,2026,6,177
40070472,0,2026,5,177
40002246,0,2026,6,177
40073569,0,2026,6,177
40069568,0,2026,5,177
40029327,0,2026,6,177
40019783,0,2026,5,177
40069986,0,2026,6,177
40076159,0,2026,6,177
40000938,0,2026,5,177
40000938,0,2026,6,177
40060096,0,2026,6,177
40038515,0,2026,6,177
40004714,0,2026,6,177
40046643,0,2026,6,177
40075027,0,2026,6,177
40071066,0,2026,6,177
40074756,0,2026,6,177
40032741,0,2026,5,177
40060674,0,2026,6,177
40061328,0,2026,6,177
30485337,0,2026,6,177
40031216,0,2026,6,177
40069570,0,2026,6,177
40066867,0,2026,6,177
40019575,0,2026,5,177
40006083,0,2027,6,177
40006083,0,2026,5,177
40030672,0,2026,6,177
30467433,0,2026,6,177
40069577,0,2026,6,177
30073030,0,2026,6,177
20153304,2,2026,6,177
30345076,0,2026,5,177
30081138,0,2026,6,177
30463675,0,2026,6,177
40081680,0,2026,6,177
40079833,0,2026,6,177
30384722,0,2026,6,177
40080829,0,2026,6,177
40081868,0,2026,6,177
40081027,0,2026,6,177
30442127,0,2026,6,177
30459418,0,2026,6,177
40067538,0,2026,6,177
40059794,0,2026,6,177
40071683,0,2026,6,177
40057641,0,2026,6,177
40080564,0,2026,6,177
40082872,0,2026,6,177
40072091,0,2026,5,177
40020031,0,2026,6,177
40070172,0,2026,6,177
40080471,0,2026,6,177
40070751,0,2026,6,177
40058954,0,2026,6,177
40070928,0,2026,6,177
40081923,0,2026,6,177
40069640,0,2026,6,177
40059375,0,2026,6,177
40080376,0,2026,6,177
40077920,0,2026,6,177
40081748,0,2027,5,177
40080392,0,2026,6,177
40071316,0,2026,6,177
40081620,0,2026,6,177
40081872,0,2026,6,177
30064321,0,2026,6,177
40080665,0,2026,6,177
40076256,0,2026,6,177
40009622,0,2026,6,177
40032089,0,2026,6,177
20178168,0,2026,5,177
30370369,0,2026,5,177
30267380,0,2026,6,177
20054441,0,2026,6,177
30083093,0,2026,6,177
30123000,0,2026,6,177
30126159,0,2026,6,177
20088311,0,2026,6,177
30370477,0,2026,6,177
30070275,0,2026,5,177
30096349,0,2026,6,177
40057734,0,2026,6,177
40045730,0,2026,6,177
40069637,0,2026,6,177
40063270,0,2026,6,177
40066766,0,2026,6,177
30484502,0,2026,6,177
40051808,0,2026,6,177
40070027,0,2026,6,177
40080708,0,2026,6,177
40045133,0,2026,6,177
40081878,0,2026,6,177
40058271,0,2026,6,177
40055736,0,2026,6,177
40070930,0,2026,6,177
40079658,0,2027,6,177
40081922,0,2026,6,177
40067093,0,2026,5,177
40072792,0,2026,6,177
30096407,0,2026,6,177
40082320,0,2026,6,177
20178214,0,2026,6,177
40053038,0,2026,5,177
40048281,0,2026,6,177
40069990,0,2026,6,177
40071044,0,2026,6,177
40061077,0,2026,6,177
40079585,0,2026,6,177
40071126,0,2026,6,177
50001322,0,2026,6,177
40080304,0,2026,6,177
40072225,0,2026,6,177
40056943,0,2026,6,177
40080580,0,2026,6,177
40061096,0,2026,5,177
40078736,0,2027,6,177
40078736,0,2026,6,177
40035371,0,2026,6,177
40008405,0,2026,5,177
30484483,0,2026,6,177
40082479,0,2026,6,177
40082483,0,2026,6,177
40082406,0,2026,6,177
40079667,0,2027,6,177
30099413,0,2026,5,177
40080476,0,2026,6,177
40027818,0,2026,6,177
40075864,0,2026,3,177
40082168,0,2026,6,177
30466033,0,2026,5,177
40068976,0,2026,6,177
40060083,0,2026,6,177
40004758,0,2026,6,177
30061964,0,2026,5,177
40061063,0,2026,3,177
40061063,0,2026,4,177
40046641,0,2026,6,177
40075075,0,2026,6,177
40081210,0,2026,6,177
40064582,0,2026,6,177
40050304,0,2026,6,177
40078104,0,2026,6,177
30136315,0,2026,6,177
40081411,0,2026,6,177
40048275,0,2026,6,177
40057423,0,2026,6,177
40080484,0,2026,6,177
40080009,0,2026,6,177
30482321,0,2026,6,177
40072275,0,2026,6,177
30407522,0,2026,5,177
40079674,0,2027,6,177
40050506,0,2026,6,177
40069047,0,2026,6,177
40077151,0,2026,5,177
40052889,0,2026,6,177
40077315,0,2026,5,177
40074365,0,2026,6,177
40077338,0,2027,6,177
40077338,0,2026,6,177
40002869,0,2026,6,177
40078045,0,2026,6,177
40082424,0,2026,6,177
40073101,0,2026,5,177
30100226,0,2026,6,177
40036755,0,2026,6,177
40080286,0,2026,6,177
40050434,0,2026,6,177
40052127,0,2026,3,177
40080535,0,2026,6,177
40080881,0,2026,6,177
50000664,0,2026,6,177
40080600,0,2026,6,177
40069567,0,2026,5,177
40069580,0,2026,5,177
40020021,0,2026,6,177
40075064,0,2026,6,177
40061646,0,2026,6,177
40052125,0,2026,3,177
30131841,0,2026,6,177
40069145,0,2026,5,177
40070834,0,2026,5,177
40025709,0,2026,6,177
40032335,0,2026,6,177
40024424,0,2026,6,177
40080131,0,2026,6,177
40082354,0,2026,6,177
40077153,0,2027,6,177
40069610,0,2026,6,177
30081385,0,2026,5,177
40049682,0,2026,6,177
40075741,0,2026,6,177
40078039,0,2026,6,177
40008080,0,2026,6,177
40068741,0,2026,6,177
30361046,0,2026,6,177
30475049,0,2026,6,177
40066861,0,2026,6,177
30256122,0,2026,6,177
40061778,0,2026,6,177
30486050,0,2026,5,177
40060088,0,2026,6,177
40053774,0,2026,6,177
40082441,0,2026,6,177
40082673,0,2026,6,177
40026368,0,2026,5,177
40075151,0,2026,6,177
40074827,0,2026,6,177
40082411,0,2026,6,177
40082421,0,2027,6,177
40024103,0,2026,6,177
40072406,0,2026,6,177
40072436,0,2026,6,177
40070356,0,2026,6,177
40031093,0,2026,5,177
40076440,0,2026,6,177
40001791,0,2026,6,177
40032580,0,2026,6,177
40011167,0,2026,6,177
40009621,0,2026,6,177
30073603,0,2026,5,177
40070924,0,2026,6,177
40029986,0,2026,6,177
40047436,0,2026,6,177
40054665,0,2026,6,177
40029496,0,2026,6,177
40029205,0,2026,5,177
40003665,0,2026,6,177
40070752,0,2026,6,177
40069625,0,2026,6,177
40052101,0,2026,3,177
30360375,0,2026,6,177
40045481,0,2026,5,177
40056899,0,2026,6,177
40062991,0,2026,5,177
30482320,0,2026,6,177
40071724,0,2026,5,177
40068266,0,2026,6,177
40056699,0,2026,5,177
30285772,0,2026,6,177
40069630,0,2026,5,177
40070743,0,2026,5,177
40074035,0,2026,6,177
40036779,0,2026,6,177
40075126,0,2026,6,177
40026929,0,2026,6,177
40064846,0,2026,6,177
30463592,0,2026,6,177
40071142,0,2026,6,177
40067087,0,2026,6,177
40074969,0,2026,6,177
40081053,0,2026,6,177
40064806,0,2026,6,177
40073733,0,2026,6,177
40082328,0,2027,5,177
40071743,0,2026,6,177
40071707,0,2026,6,177
40080470,0,2026,6,177
40081999,0,2026,6,177
40056794,0,2027,5,177
40082288,0,2026,6,177
40081012,0,2026,6,177
40062998,0,2026,6,177
40039993,0,2026,6,177
40039178,0,2027,6,177
40039178,0,2026,6,177
40063089,0,2026,6,177
40080571,0,2026,6,177
40058032,0,2027,6,177
40058032,0,2026,6,177
40065081,0,2026,3,177
40070664,0,2027,6,177
40070664,0,2026,6,177
40081468,0,2026,6,177
40081907,0,2026,6,177
40076972,0,2027,6,177
40076972,0,2026,6,177
40034331,0,2026,6,177
40070555,0,2026,6,177
40080227,0,2027,6,177
40077287,0,2026,6,177
40082239,0,2026,6,177
40036950,0,2026,6,177
40012734,0,2026,6,177
40082457,0,2026,6,177
40077313,0,2026,6,177
40071384,0,2026,6,177
50001177,0,2026,6,177
40060716,0,2026,6,177
40077501,0,2026,6,177
40031094,0,2026,6,177
40075084,0,2026,5,177
30487212,0,2026,6,177
40078038,0,2026,6,177
40070871,0,2026,6,177
40070872,0,2026,6,177
40082741,0,2026,6,177
40070786,0,2026,6,177
30136983,0,2026,6,177
40078482,0,2026,6,177
40075640,0,2026,6,177
40081303,0,2026,6,177
40082226,0,2026,6,177
40071697,0,2026,6,177
40082670,0,2026,6,177
40063249,0,2026,6,177
40075516,0,2026,6,177
40067462,0,2026,5,177
40031079,0,2026,5,177
40079634,0,2026,6,177
40079746,0,2026,6,177
40080229,0,2027,6,177
30069841,0,2026,6,177
40052499,0,2026,5,177
40063248,0,2026,5,177
40078782,0,2026,6,177
40082644,0,2026,6,177
40051516,0,2026,6,177
40078523,0,2026,5,177
30292973,0,2026,6,177
40060090,0,2026,6,177
40060094,0,2026,6,177
40067811,0,2026,6,177
40070841,0,2026,6,177
40082582,0,2026,6,177
40075950,0,2026,6,177
40071956,0,2026,6,177
40075376,0,2026,4,177
40075376,0,2026,3,177
40081192,0,2026,6,177
40065599,0,2026,6,177
40069558,0,2026,6,177
40063859,0,2026,6,177
40021944,0,2026,6,177
40078720,0,2026,4,177
40081587,0,2026,4,177
40082217,0,2026,6,177
40081766,0,2026,6,177
40077464,0,2026,5,177
40080831,0,2026,6,177
40069639,0,2026,6,177
40081364,0,2026,6,177
40054663,0,2026,6,177
40052199,0,2026,6,177
40073721,0,2026,6,177
40018469,0,2026,6,177
40081217,0,2026,6,177
40081277,0,2026,6,177
40082514,0,2026,6,177
40021413,0,2026,5,177
40077703,0,2026,5,177
40045677,0,2026,6,177
40076343,0,2026,6,177
40080305,0,2026,6,177
40073169,0,2026,6,177
40068603,0,2026,6,177
40049461,0,2026,5,177
40080180,0,2026,6,177
40034114,0,2026,6,177
40039922,0,2026,5,177
40021839,0,2026,6,177
40075944,0,2026,6,177
40079883,0,2026,6,177
40071607,0,2026,5,177
40020285,0,2026,6,177
40080698,0,2026,6,177
40075951,0,2026,6,177
40073609,0,2027,6,177
40082452,0,2026,6,177
40078525,0,2026,5,177
40071555,0,2026,6,177
40079927,0,2026,6,177
40081513,0,2026,6,177
40019596,0,2026,6,177
40065555,0,2026,6,177
40039493,0,2026,6,177
40080348,0,2026,6,177
40081069,0,2026,6,177
40074324,0,2026,6,177
40040058,0,2026,6,177
40040058,0,2026,5,177
30096778,0,2026,5,177
40043745,0,2026,6,177
40080513,0,2026,5,177
40069597,0,2026,6,177
30072803,0,2026,6,177
40065420,0,2026,5,177
40065420,0,2026,3,177
40077886,0,2026,6,177
40080434,0,2026,6,177
40080725,0,2026,6,177
40082316,0,2026,6,177
40069225,0,2026,6,177
40037146,0,2026,6,177
40078047,0,2026,6,177
40058610,0,2026,6,177
40024183,0,2026,6,177
40003212,0,2026,6,177
40035272,0,2026,6,177
40052617,0,2026,6,177
40071383,0,2026,6,177
30126701,0,2026,6,177
40080522,0,2026,6,177
40082313,0,2026,6,177
40060361,0,2026,6,177
30397777,0,2026,6,177
40049128,0,2026,6,177
40077479,0,2026,6,177
30120056,0,2026,5,177
40082319,0,2026,6,177
40071212,0,2026,6,177
40079475,0,2026,6,177
40048612,0,2026,6,177
40051374,0,2026,6,177
40080321,0,2026,6,177
40080638,0,2026,6,177
40081746,0,2026,6,177
30155224,0,2026,6,177
40080717,0,2026,6,177
40003772,0,2026,6,177
40061069,0,2026,6,177
40035001,0,2026,6,177
30478136,0,2026,5,177
40005798,0,2027,6,177
40027158,0,2026,4,177
40071536,0,2026,6,177
40046649,0,2026,6,177
40071100,0,2026,6,177
40069592,0,2026,6,177
40025872,0,2026,5,177
40070197,0,2026,6,177
40072402,0,2026,5,177
40071144,0,2026,5,177
40071144,0,2026,6,177
40072001,0,2026,6,177
40012923,0,2026,6,177
30407223,0,2026,5,177
40045174,0,2026,6,177
30483460,0,2026,6,177
30483460,0,2027,6,177
40032092,0,2026,6,177
40069638,0,2026,6,177
40073775,0,2026,5,177
30070727,0,2026,6,177
40063984,0,2026,6,177
40070435,0,2026,6,177
30349028,0,2026,6,177
40018363,0,2026,6,177
40069375,0,2026,6,177
40036492,0,2026,6,177
40060939,0,2026,6,177
40071058,0,2026,6,177
40008096,0,2026,6,177
40028047,0,2026,5,177
30101997,0,2026,6,177
40051205,0,2026,5,177
40070973,0,2026,6,177
40065850,0,2026,6,177
40047390,0,2026,6,177
40064936,0,2026,6,177
40060813,0,2026,6,177
40071023,0,2026,6,177
40054260,0,2026,6,177
40061650,0,2026,6,177
40068110,0,2026,6,177
40076881,0,2026,6,177
40069363,0,2026,6,177
30458972,0,2026,3,177
40060938,0,2026,6,177
40025687,0,2026,6,177
40052211,0,2026,6,177
40055737,0,2026,6,177
40074743,0,2026,6,177
40057257,0,2026,6,177
40062759,0,2026,6,177
40069358,0,2026,6,177
30134056,0,2026,6,177
40054401,0,2026,6,177
30109155,0,2026,6,177
30292975,0,2026,6,177
30107157,0,2026,6,177
30124912,0,2026,6,177
30113065,0,2026,6,177
30096102,0,2026,6,177
30075290,0,2026,6,177
30096110,0,2026,5,177
30174772,0,2026,6,177
40080264,0,2026,6,177
40082206,0,2026,6,177
40078594,0,2026,6,177
40039510,0,2026,5,177
40082688,0,2026,5,177
20187802,0,2026,6,177
40062384,0,2026,6,177
40062384,0,2027,6,177
40081061,0,2026,6,177
40080558,0,2026,6,177
40080496,0,2026,6,177
30343539,0,2026,6,177
40079307,0,2026,6,177
40080594,0,2026,6,177
40067976,0,2026,6,177
40074042,0,2026,5,177
40056289,0,2026,6,177
40054649,0,2026,6,177
40027817,0,2026,6,177
40040052,0,2026,6,177
40077713,0,2026,6,177
40080483,0,2026,6,177
40065262,0,2026,6,177
40081406,0,2026,6,177
40048345,0,2026,6,177
40077968,0,2026,6,177
40080528,0,2026,6,177
40080445,0,2026,6,177
40082211,0,2026,6,177
40048261,0,2026,6,177
40039792,0,2026,6,177
40023608,0,2026,6,177
30070555,0,2026,6,177
30328827,0,2026,6,177
30328827,0,2026,5,177
40078044,0,2026,6,177
30484343,0,2026,4,177
30467692,0,2026,6,177
30064649,0,2026,6,177
40068664,0,2026,6,177
40077125,0,2026,6,177
40077756,0,2026,6,177
40077442,0,2026,5,177
40026600,0,2026,6,177
40065345,0,2026,5,177
40043746,0,2026,6,177
30378922,0,2026,6,177
40060990,0,2026,6,177
40035399,0,2026,6,177
40076929,0,2026,6,177
50000210,0,2026,6,177
40051313,0,2026,6,177
40077468,0,2026,6,177
40080623,0,2026,6,177
40032491,0,2026,6,177
40056766,0,2027,6,177
40065485,0,2026,6,177
40065478,0,2026,6,177
40082403,0,2026,6,177
40061101,0,2026,6,177
40045092,0,2026,6,177
40070401,0,2026,6,177
40070820,0,2026,6,177
40038115,0,2026,6,177
40081320,0,2026,6,177
40009278,0,2026,5,177
30363445,0,2026,6,177
40035771,0,2026,5,177
30103935,0,2026,6,177
20188580,0,2026,6,177
40071965,0,2026,6,177
40080965,0,2026,6,177
40079961,0,2026,5,177
30249672,0,2026,6,177
40027785,0,2026,6,177
40073807,0,2026,6,177
40071970,0,2026,6,177
40081629,0,2026,6,177
40070469,0,2026,5,177
40080875,0,2026,6,177
40078783,0,2026,6,177
40069823,0,2026,5,177
40062692,0,2026,6,177
40074006,0,2026,6,177
40082332,0,2027,5,177
50001809,0,2026,6,177
40027622,0,2026,6,177
40076400,0,2026,6,177
30379323,0,2026,6,177
40078738,0,2026,6,177
40075755,0,2026,6,177
40080684,0,2026,6,177
40082368,0,2026,6,177
40071184,0,2026,6,177
40081196,0,2027,6,177
40052510,0,2026,3,177
40081925,0,2026,6,177
20177920,0,2026,6,177
40049912,0,2026,6,177
40043617,0,2026,6,177
40023375,0,2026,6,177
40050036,0,2026,6,177
40058194,0,2026,6,177
40035281,0,2026,5,177
40077323,0,2026,6,177
40080729,0,2026,6,177
40080830,0,2026,6,177
30458837,0,2026,4,177
40070076,0,2026,6,177
40073046,0,2026,6,177
40073046,0,2026,5,177
40077984,0,2026,6,177
50000809,0,2026,6,177
40078522,0,2026,5,177
30484571,0,2026,6,177
40053519,0,2026,6,177
40080255,0,2026,6,177
30482066,0,2026,6,177
50001930,0,2026,5,177
40080520,0,2026,6,177
40080999,0,2026,6,177
40060312,0,2026,6,177
40081912,0,2026,6,177
40002369,0,2026,6,177
40027936,0,2026,5,177
40071210,0,2026,6,177
30126632,0,2026,6,177
40081483,0,2026,6,177
40069651,0,2026,3,177
40063556,0,2026,6,177
40081185,0,2026,5,177
40081077,0,2026,6,177
40081564,0,2026,6,177
40071903,0,2026,6,177
40082499,0,2026,6,177
40059702,0,2026,5,177
40057402,0,2026,6,177
40082097,0,2026,6,177
40050156,0,2026,6,177
40067695,0,2026,6,177
40063268,0,2026,6,177
40080436,0,2027,6,177
40074254,0,2026,4,177
30038126,0,2026,6,177
40082420,0,2026,6,177
40082344,0,2026,6,177
40063456,0,2026,6,177
40080318,0,2026,6,177
40082597,0,2026,6,177
40021834,0,2026,6,177
40077911,0,2027,6,177
40005756,0,2026,6,177
40079966,0,2026,5,177
40065222,0,2026,6,177
40080351,0,2026,6,177
40023967,0,2026,5,177
40080723,0,2027,6,177
30076636,0,2026,6,177
40070216,0,2026,6,177
40068419,0,2026,6,177
40048728,0,2026,6,177
40074857,0,2026,6,177
30085715,0,2026,6,177
40056966,0,2026,6,177
30100107,0,2026,6,177
40071752,0,2026,6,177
40075697,0,2026,6,177
40081408,0,2026,5,177
40082471,0,2026,6,177
40069164,0,2026,6,177
40076948,0,2026,6,177
40071012,0,2026,6,177
40000118,0,2026,6,177
40072915,0,2026,6,177
40077071,0,2026,6,177
40077071,0,2027,6,177
40080231,0,2027,6,177
40002696,0,2026,6,177
40031440,0,2026,6,177
40015334,0,2026,6,177
40079524,0,2026,6,177
40081430,0,2026,6,177
40077536,0,2026,6,177
40077953,0,2026,6,177
40080300,0,2026,6,177
30135321,0,2026,6,177
40061636,0,2026,6,177
30487060,0,2026,6,177
40059232,0,2026,6,177
40080642,0,2026,6,177
40075425,0,2026,6,177
30044383,0,2026,3,177
30369628,0,2026,5,177
40080978,0,2026,6,177
30156972,0,2026,5,177
40008481,0,2026,6,177
40069593,0,2026,6,177
40063256,0,2026,5,177
30080831,0,2026,6,177
40054628,0,2027,6,177
40012482,0,2026,6,177
40073181,0,2026,5,177
40037803,0,2026,6,177
30100340,0,2026,6,177
40027574,0,2026,6,177
40071725,0,2026,6,177
30221173,0,2026,6,177
30221173,0,2027,6,177
40073358,0,2026,6,177
40080438,0,2027,6,177
40081988,0,2026,5,177
40082132,0,2026,6,177
40079070,0,2026,6,177
30082374,0,2026,6,177
40032993,0,2026,6,177
30483236,0,2026,5,177
40077357,0,2026,6,177
40080411,0,2026,6,177
40078580,0,2026,6,177
40056901,0,2026,6,177
30483558,0,2026,4,177
40080570,0,2026,6,177
40081409,0,2026,6,177
40029783,0,2026,6,177
40082405,0,2026,6,177
30481272,0,2026,6,177
40082013,0,2027,6,177
40082213,0,2026,6,177
40079955,0,2026,5,177
40081400,0,2026,6,177
40071684,0,2026,6,177
40077300,0,2026,6,177
40079898,0,2026,6,177
40076253,0,2026,6,177
40077954,0,2026,6,177
40048277,0,2026,6,177
40072945,0,2026,6,177
40080633,0,2026,6,177
40079332,0,2026,6,177
40041291,0,2026,5,177
40025549,0,2027,5,177
40038944,0,2026,6,177
40068327,0,2026,5,177
40055643,0,2026,6,177
40081848,0,2026,6,177
40077382,0,2026,6,177
40078048,0,2026,6,177
40061161,0,2026,5,177
30394039,0,2026,6,177
40076134,0,2026,6,177
40068521,0,2026,5,177
40063516,0,2026,6,177
40080653,0,2026,6,177
40069588,0,2026,6,177
40058576,0,2026,6,177
40058576,0,2027,6,177
40070471,0,2026,5,177
40055626,0,2026,6,177
40067384,0,2026,6,177
40048047,0,2026,6,177
40069560,0,2026,6,177
40070681,0,2026,6,177
40051084,0,2026,5,177
40052755,0,2026,5,177
30464197,0,2026,6,177
30125055,0,2026,5,177
40070962,0,2026,6,177
40070478,0,2026,5,177
40038106,0,2026,6,177
40069666,0,2027,6,177
40070865,0,2026,6,177
40070766,0,2026,6,177
40082423,0,2026,6,177
40076550,0,2026,6,177
40079950,0,2026,5,177
40077706,0,2026,6,177
30444722,0,2026,6,177
40082310,0,2026,6,177
40074286,0,2026,6,177
30120122,0,2026,6,177
40065233,0,2026,6,177
40065233,0,2027,6,177
40075926,0,2026,6,177
40080124,0,2026,6,177
30120194,0,2026,6,177
40073788,0,2026,6,177
40078046,0,2026,6,177
40048198,0,2026,6,177
40046866,0,2026,5,177
40068763,0,2026,6,177
40081220,0,2026,6,177
40082451,0,2026,6,177
20189211,0,2026,5,177
40072492,0,2026,6,177
40072492,0,2027,6,177
40075138,0,2026,6,177
40071194,0,2026,6,177
40066190,0,2026,5,177
30201772,0,2026,6,177
40077604,0,2027,6,177
40077604,0,2026,6,177
40082335,0,2027,5,177
20155699,0,2026,5,177
30057859,0,2026,6,177
40075761,0,2026,6,177
40039068,0,2026,6,177
40077635,0,2026,6,177
40060099,0,2026,6,177
40080499,0,2026,6,177
40043772,0,2026,6,177
40075304,0,2026,6,177
40020749,0,2026,6,177
40060097,0,2026,6,177
40071425,0,2026,6,177
40060236,0,2026,5,177
40076746,0,2026,5,177
40036991,0,2026,6,177
40074007,0,2026,5,177
30377222,0,2026,6,177
30377222,0,2027,6,177
30092858,0,2026,6,177
40063455,0,2026,6,177
40037419,0,2026,6,177
40016425,0,2026,6,177
40069374,0,2026,6,177
30482963,0,2026,5,177
40061306,0,2026,6,177
40061306,0,2026,5,177
40021667,0,2026,5,177
40070475,0,2026,5,177
40013709,0,2026,6,177
40061100,0,2026,6,177
40063338,0,2026,5,177
40032882,0,2026,6,177
30468944,0,2026,6,177
30468944,0,2026,5,177
40077325,0,2026,6,177
50001878,0,2026,5,177
40082528,0,2026,6,177
30095104,0,2026,6,177
50001834,0,2027,5,177
20156148,0,2026,6,177
40078503,0,2026,5,177
40078784,0,2026,6,177
40080514,0,2026,6,177
40026916,0,2026,5,177
40081813,0,2026,6,177
30485932,0,2027,6,177
30485932,0,2026,6,177
40066508,0,2026,6,177
40063271,0,2026,6,177
30135685,0,2026,5,177
40069629,0,2026,5,177
40082444,0,2026,6,177
40078524,0,2026,6,177
40067281,0,2026,6,177
40082325,0,2026,6,177
40082709,0,2026,6,177
40082580,0,2026,6,177
40059379,0,2026,6,177
40074088,0,2026,6,177
40064437,0,2026,6,177
40018519,0,2026,6,177
40079167,0,2026,6,177
40040955,0,2026,5,177
30104345,0,2026,6,177
40005336,0,2027,6,177
40005336,0,2026,5,177
40005336,0,2026,6,177
40057747,0,2026,6,177
40030969,0,2026,6,177
40077714,0,2026,6,177
40030148,0,2027,6,177
40030148,0,2026,6,177
40078050,0,2026,6,177
40081719,0,2027,6,177
40069989,0,2026,6,177
40077281,0,2026,6,177
40062754,0,2026,6,177
40074281,0,2026,6,177
40082472,0,2026,6,177
30485159,0,2026,6,177
40056892,0,2026,6,177
40022689,0,2026,6,177
40082362,0,2026,6,177
40027544,0,2026,5,177
30362077,0,2026,6,177
30362077,0,2027,6,177
40071692,0,2026,6,177
40065845,0,2026,6,177
40075568,0,2026,6,177
40061058,0,2026,4,177
40061058,0,2026,3,177
40058642,0,2026,5,177
40051702,0,2026,6,177
40063327,0,2026,6,177
40053710,0,2026,6,177
30107046,0,2026,5,177
30467604,0,2026,6,177
40071899,0,2026,6,177
40075654,0,2026,4,177
40070026,0,2026,6,177
40071052,0,2026,6,177
30446872,0,2026,5,177
40076876,0,2026,6,177
40012776,0,2026,6,177
40068308,0,2026,6,177
40069619,0,2026,6,177
30437451,0,2026,5,177
40059890,0,2026,5,177
40080224,0,2027,6,177
40080230,0,2027,6,177
40080530,0,2026,6,177
40070477,0,2026,5,177
40061749,0,2026,6,177
40071560,0,2026,6,177
40078512,0,2026,6,177
40069141,0,2026,6,177
40075711,0,2026,6,177
40079035,0,2026,6,177
30388735,0,2026,5,177
30479236,0,2026,5,177
40027952,0,2026,5,177
30480901,0,2026,6,177
40034171,0,2026,3,177
40055438,0,2026,6,177
20189205,0,2026,5,177
40044429,0,2026,5,177
30187622,0,2026,6,177
40069579,0,2026,5,177
40072517,0,2026,6,177
40039879,0,2026,6,177
40062985,0,2026,6,177
40070800,0,2026,6,177
30072828,0,2026,6,177
40000086,0,2026,5,177
40075471,0,2026,6,177
40021530,0,2026,6,177
40054263,0,2026,4,177
40068635,0,2026,6,177
40061886,0,2026,6,177
40069589,0,2026,6,177
40059748,0,2026,5,177
40070851,0,2026,6,177
40019507,0,2026,6,177
40070954,0,2026,6,177
40035350,0,2026,6,177
40069575,0,2026,6,177
30106226,0,2026,6,177
30104304,0,2027,5,177
30112914,0,2027,6,177
30112914,0,2026,6,177
30487151,0,2026,6,177
30352173,0,2026,6,177
30486970,0,2026,6,177
30327173,0,2026,6,177
30080600,0,2026,6,177
40080213,0,2026,6,177
40059806,0,2026,5,177
40080306,0,2026,6,177
40077621,0,2026,6,177
40075149,0,2026,6,177
40038018,0,2026,6,177
40002724,0,2026,6,177
40051592,0,2026,6,177
40070772,0,2026,5,177
40010192,0,2026,6,177
40080882,0,2026,6,177
40070099,0,2026,6,177
40082117,0,2026,6,177
40063275,0,2026,6,177
40080338,0,2027,6,177
40070145,0,2026,6,177
40080475,0,2026,6,177
40061102,0,2026,6,177
40050900,0,2026,5,177
40069576,0,2026,6,177
40024422,0,2026,6,177
30460846,0,2026,5,177
40069283,0,2026,6,177
40070850,0,2026,6,177
40021418,0,2026,5,177
40079312,0,2026,6,177
40080646,0,2026,6,177
30363439,0,2026,6,177
40079361,0,2026,6,177
40078762,0,2026,6,177
40017277,0,2026,6,177
40070827,0,2026,6,177
40071498,0,2026,6,177
40066228,0,2026,6,177
40072649,0,2026,6,177
40026303,0,2026,6,177
40059148,0,2026,6,177
40055698,0,2026,6,177
40025823,0,2026,6,177
40038862,0,2026,5,177
30137226,0,2026,6,177
40051415,0,2026,6,177
40062588,0,2026,6,177
30137818,0,2027,6,177
30137818,0,2026,6,177
40059660,0,2026,6,177
30483167,0,2026,6,177
40015848,0,2026,5,177
40018977,0,2026,5,177
40074013,0,2026,6,177
40074030,0,2026,6,177
40062787,0,2026,5,177
40069220,0,2026,6,177
40061099,0,2027,6,177
40074760,0,2026,6,177
40064630,0,2026,6,177
40074214,0,2027,5,177
30097841,0,2026,4,177
40030677,0,2026,6,177
40032131,0,2026,3,177
40082431,0,2026,6,177
30119003,0,2026,6,177
40070781,0,2026,6,177
30483649,0,2026,6,177
30483649,0,2027,6,177
20178141,0,2026,6,177
40079944,0,2026,5,177
40081324,0,2026,6,177
40082630,0,2026,6,177
40082711,0,2026,6,177
40078607,0,2026,6,177
40082295,0,2026,6,177
40076893,0,2026,6,177
40032091,0,2026,5,177
40076626,0,2027,6,177
40080298,0,2026,6,177
30485334,0,2026,6,177
40068458,0,2026,6,177
40070583,0,2026,6,177
40082230,0,2026,6,177
40071385,0,2026,6,177
40080289,0,2026,6,177
40080920,0,2026,6,177
30119015,0,2026,6,177
40064762,0,2026,6,177
40073590,0,2026,6,177
30433475,0,2026,6,177
40050822,0,2026,6,177
40070460,0,2026,6,177
40056687,0,2026,6,177
30112007,0,2026,5,177
40082678,0,2026,6,177
40075578,0,2026,6,177
40081396,0,2026,6,177
40079200,0,2026,6,177
40069623,0,2026,6,177
40059968,0,2026,5,177
40076928,0,2026,6,177
30486614,0,2026,6,177
40074264,0,2026,6,177
40009707,0,2026,5,177
40075913,0,2026,6,177
40063001,0,2026,6,177
40031493,0,2026,5,177
30341126,0,2027,5,177
40071375,0,2026,6,177
40069607,0,2026,6,177
40021358,0,2026,6,177
40031256,0,2026,6,177
40048295,0,2026,6,177
40059332,0,2026,6,177
40032011,0,2026,6,177
40021154,0,2026,6,177
40004734,0,2026,6,177
40068949,0,2026,6,177
30376489,0,2026,6,177
40059860,0,2026,5,177
40024416,0,2026,6,177
30112980,0,2026,6,177
40080776,0,2026,6,177
40082474,0,2026,6,177
40069146,0,2026,5,177
30002745,0,2026,4,177
40020186,0,2026,6,177
40019910,0,2026,5,177
40006966,0,2026,6,177
30410576,0,2026,6,177
40061046,0,2026,3,177
40038219,0,2026,6,177
40005794,0,2027,6,177
40005794,0,2026,6,177
40056664,0,2026,6,177
30005793,0,2026,6,177
40069627,0,2026,6,177
40074028,0,2026,6,177
40070898,0,2026,5,177
40062947,0,2026,6,177
40070128,0,2026,6,177
40080627,0,2026,6,177
40036351,0,2026,6,177
40037085,0,2026,6,177
40020466,0,2026,6,177
40024106,0,2026,5,177
40027537,0,2026,5,177
30363426,0,2026,6,177
40076155,0,2026,6,177
40046091,0,2026,3,177
40035979,0,2026,5,177
40035979,0,2026,6,177
30484568,0,2026,6,177
40048251,0,2026,6,177
40020287,0,2026,6,177
40070714,0,2026,6,177
40005723,0,2026,6,177
40069596,0,2026,6,177
40071219,0,2026,6,177
40066723,0,2026,5,177
40058042,0,2026,5,177
40071415,0,2026,6,177
40064818,0,2026,6,177
40061906,0,2026,6,177
40069585,0,2026,3,177
30084551,0,2026,6,177
40024541,0,2026,6,177
40075905,0,2026,6,177
40057567,0,2026,6,177
40076163,0,2026,6,177
40039741,0,2026,5,177
40057833,0,2026,6,177
40039423,0,2026,6,177
40069602,0,2026,6,177
40046654,0,2026,6,177
40055058,0,2026,6,177
40072395,0,2026,6,177
40071603,0,2026,6,177
40063000,0,2026,6,177
30458978,0,2026,6,177
40062950,0,2027,6,177
40073977,0,2026,6,177
20059863,0,2026,3,177
40047310,0,2026,6,177
40059722,0,2026,6,177
40074282,0,2026,6,177
40076951,0,2026,5,177
40075749,0,2026,6,177
40060092,0,2026,6,177
40005104,0,2026,5,177
40005104,0,2026,6,177
40033191,0,2026,6,177
40024983,0,2026,6,177
40060085,0,2026,6,177
40059921,0,2026,6,177
40067301,0,2026,6,177
40036772,0,2026,6,177
40071610,0,2026,6,177
40031085,0,2026,5,177
40063246,0,2026,6,177
30486031,0,2026,5,177
40051334,0,2026,6,177
40059335,0,2026,6,177
40061782,0,2026,6,177
40012238,0,2026,5,177
40071167,0,2026,5,177
40071167,0,2026,6,177
40034871,0,2026,6,177
40071169,0,2026,5,177
40071169,0,2026,6,177
40034862,0,2026,5,177
40053451,0,2026,5,177
30078294,0,2026,6,177
30371076,0,2026,6,177
30371278,0,2026,6,177
30093795,0,2027,6,177
30325472,0,2026,6,177
30107162,0,2026,6,177
40052839,0,2026,5,177
40016268,0,2026,6,177
40059781,0,2026,3,177
40072869,0,2026,6,177
40077364,0,2026,6,177
40078042,0,2026,6,177
40070532,0,2026,6,177
40047243,0,2026,6,177
40069606,0,2026,6,177
40071722,0,2026,6,177
40069155,0,2026,6,177
30486596,0,2026,5,177
40063806,0,2027,6,177
40063806,0,2026,6,177
40075235,0,2026,6,177
40076891,0,2026,6,177
40048203,0,2026,6,177
40026995,0,2026,6,177
40048343,0,2026,6,177
40030470,0,2026,5,177
40076168,0,2026,6,177
40028891,0,2026,6,177
40069144,0,2026,5,177
40031574,0,2026,6,177
40059645,0,2026,6,177
40019008,0,2026,3,177
40069566,0,2026,5,177
40071423,0,2026,5,177
40042503,0,2026,6,177
40076680,0,2026,6,177
40071064,0,2026,6,177
30483134,0,2026,6,177
30064290,0,2026,6,177
40050736,0,2026,5,177
40073385,0,2026,6,177
40033681,0,2026,5,177
30094632,0,2026,6,177
40065088,0,2027,4,177
40071716,0,2026,6,177
40065095,0,2026,6,177
40067724,0,2026,6,177
30460322,0,2026,6,177
40069373,0,2026,6,177
30483037,0,2026,5,177
40081350,0,2026,6,177
40079608,0,2026,6,177
40019598,0,2026,6,177
30121509,0,2026,6,177
30104076,0,2026,6,177
30129336,0,2026,6,177
40071130,0,2026,6,177
30080581,0,2026,6,177
40009317,0,2026,6,177
40050305,0,2026,6,177
40080681,0,2026,6,177
40021841,0,2026,6,177
40020455,0,2026,6,177
40037824,0,2026,6,177
40074325,0,2026,5,177
30485336,0,2026,6,177
30485336,0,2027,6,177
40071731,0,2026,5,177
30480161,0,2026,6,177
40071021,0,2026,6,177
40056888,0,2026,6,177
40052330,0,2026,6,177
40057819,0,2026,6,177
40076022,0,2026,6,177
40067782,0,2026,6,177
40071634,0,2026,6,177
30396675,0,2026,5,177
30393933,0,2026,6,177
40071577,0,2026,6,177
30486487,0,2026,6,177
40056895,0,2026,6,177
40070855,0,2026,5,177
40039870,0,2026,5,177
40048563,0,2026,6,177
40071613,0,2026,6,177
40047587,0,2026,6,177
40025844,0,2026,6,177
40065075,0,2026,6,177
40075483,0,2026,6,177
40009708,0,2026,5,177
40069661,0,2026,6,177
40073686,0,2026,6,177
40032007,0,2026,6,177
40073665,0,2026,6,177
30484920,0,2026,5,177
40038513,0,2026,6,177
40070925,0,2026,6,177
40032128,0,2026,6,177
30064908,0,2026,6,177
40071089,0,2026,6,177
40075873,0,2026,6,177
40069608,0,2026,6,177
40027860,0,2026,6,177
40047072,0,2026,6,177
40080412,0,2026,6,177
40080439,0,2027,6,177
40052236,0,2026,6,177
40063331,0,2026,6,177
40082282,0,2026,6,177
30130132,0,2026,6,177
40079276,0,2026,6,177
40077955,0,2026,6,177
40052136,0,2026,3,177
40081902,0,2026,6,177
40071113,0,2026,6,177
30435474,0,2027,6,177
30435474,0,2026,6,177
30486631,0,2027,3,177
40068636,0,2026,6,177
40025215,0,2026,6,177
40076115,0,2026,6,177
40077932,0,2026,6,177
40079151,0,2026,6,177
40081991,0,2026,5,177
40081085,0,2026,6,177
40081699,0,2026,6,177
40080534,0,2026,6,177
40065453,0,2026,3,177
40065453,0,2026,4,177
40073774,0,2026,6,177
40039812,0,2026,6,177
40066622,0,2026,6,177
40066878,0,2026,6,177
40069603,0,2026,6,177
40080727,0,2027,6,177
40079897,0,2026,6,177
40080568,0,2026,6,177
30484569,0,2026,5,177
40075535,0,2026,6,177
30096109,0,2026,6,177
30482371,0,2026,6,177
30109997,0,2026,6,177
30181672,0,2026,6,177
30136611,0,2026,6,177
30317475,0,2026,3,177
40024685,0,2026,6,177
40032877,0,2026,6,177
40071087,0,2026,6,177
40030398,0,2026,5,177
40072774,0,2026,6,177
30389722,0,2026,6,177
40070379,0,2026,6,177
40067205,0,2026,6,177
40055171,0,2026,6,177
30391825,0,2026,5,177
40072323,0,2026,6,177
40070927,0,2026,6,177
40067402,0,2026,6,177
40041454,0,2026,5,177
40070735,0,2026,4,177
40081051,0,2026,6,177
40075454,0,2026,6,177
40082407,0,2026,6,177
40066830,0,2026,6,177
40068656,0,2026,6,177
40026294,0,2026,6,177
40054714,0,2026,6,177
40047314,0,2026,6,177
40060098,0,2026,6,177
40081582,0,2026,6,177
30441475,0,2026,5,177
30441475,0,2026,3,177
40038954,0,2026,6,177
40081592,0,2026,6,177
30483464,0,2026,5,177
40079840,0,2026,5,177
40071165,0,2026,5,177
40071165,0,2026,6,177
40063931,0,2026,6,177
40069208,0,2027,6,177
40049739,0,2026,6,177
40082052,0,2026,6,177
40081865,0,2026,6,177
40045287,0,2026,6,177
40080315,0,2026,6,177
40035237,0,2026,6,177
40026906,0,2026,6,177
40069586,0,2026,6,177
40077659,0,2026,6,177
40080927,0,2026,6,177
40082031,0,2027,6,177
40046938,0,2026,6,177
40005682,0,2026,6,177
40071057,0,2026,6,177
40079389,0,2026,6,177
40080498,0,2026,6,177
40052526,0,2026,6,177
40070929,0,2026,6,177
40072785,0,2026,5,177
40081968,0,2027,6,177
40080566,0,2026,6,177
40055256,0,2026,6,177
40077310,0,2026,6,177
40076286,0,2026,6,177
40076286,0,2027,6,177
40047517,0,2026,6,177
40071215,0,2026,6,177
40060031,0,2026,6,177
30043928,0,2026,6,177
30096602,0,2026,6,177
30122283,0,2026,6,177
30487000,0,2026,5,177
30438575,0,2026,6,177
30487011,0,2026,5,177
40079637,0,2026,6,177
40012931,0,2026,6,177
40081623,0,2026,6,177
40080307,0,2026,6,177
40048975,0,2026,6,177
40070598,0,2026,6,177
40070049,0,2026,6,177
40081924,0,2026,6,177
40082172,0,2026,5,177
40078040,0,2026,6,177
40081021,0,2026,6,177
40077160,0,2026,6,177
40069605,0,2026,6,177
40079407,0,2026,6,177
40078041,0,2026,6,177
40049166,0,2026,5,177
40082566,0,2026,6,177
30105632,0,2026,6,177
40076160,0,2026,6,177
40082605,0,2026,6,177
40077095,0,2026,6,177
40080652,0,2026,6,177
40015138,0,2026,6,177
40049397,0,2026,6,177
40081333,0,2026,6,177
40075829,0,2026,6,177
40024413,0,2026,3,177
40038762,0,2026,5,177
40070874,0,2027,6,177
30484768,0,2026,6,177
40071564,0,2026,6,177
40036593,0,2026,6,177
30463626,0,2026,6,177
40060101,0,2026,6,177
40018637,0,2026,6,177
40078722,0,2026,6,177
40046849,0,2026,6,177
40074452,0,2026,6,177
40078028,0,2026,6,177
40081946,0,2026,6,177
40032738,0,2026,6,177
40045987,0,2026,6,177
40031194,0,2026,5,177
40059387,0,2026,6,177
40078010,0,2026,6,177
40069632,0,2026,6,177
40082287,0,2026,6,177
40011169,0,2026,6,177
40078600,0,2026,6,177
40080744,0,2026,6,177
40070967,0,2026,6,177
40075541,0,2026,6,177
40080515,0,2026,5,177
40052543,0,2026,6,177
40065258,0,2026,6,177
30485668,0,2026,6,177
40038559,0,2026,5,177
40066390,0,2026,6,177
40068159,0,2026,6,177
40081087,0,2026,6,177
40078740,0,2026,6,177
40069633,0,2026,5,177
40069656,0,2026,3,177
40001198,0,2026,5,177
40037607,0,2026,6,177
40046998,0,2026,6,177
30130586,0,2026,6,177
30036236,0,2026,6,177
40081024,0,2026,6,177
40076264,0,2026,6,177
40071175,0,2026,6,177
40068500,0,2026,6,177
40080643,0,2026,6,177
40080706,0,2026,6,177
40081089,0,2026,5,177
40082148,0,2026,6,177
30470444,0,2026,6,177
40081863,0,2026,6,177
50002297,0,2026,6,177
40080125,0,2026,6,177
40070470,0,2026,5,177
40016546,0,2026,6,177
40079862,0,2026,6,177
40056898,0,2026,6,177
40081579,0,2026,6,177
20160278,0,2026,6,177
40076989,0,2027,6,177
40076989,0,2026,6,177
40080618,0,2027,6,177
40027996,0,2026,6,177
30486627,0,2026,3,177
40069609,0,2026,6,177
40078563,0,2026,6,177
40066710,0,2026,6,177
40030703,0,2026,6,177
40069702,0,2026,6,177
40075530,0,2026,5,177
40082419,0,2026,6,177
40070590,0,2026,6,177
